[
  {
    "line": 1,
    "elements": [
      {
        "line": 4,
        "name": "Order T-Shirt \u0026 verify in orderdetails",
        "description": "",
        "id": "make-order;order-t-shirt-\u0026-verify-in-orderdetails",
        "type": "scenario",
        "keyword": "Scenario",
        "steps": [
          {
            "result": {
              "duration": 12405047556,
              "status": "passed"
            },
            "line": 5,
            "name": "I am a valid user and navigate to the site",
            "match": {
              "location": "OrderTShirt.i_am_a_valid_user_and_navigate_to_the_site()"
            },
            "keyword": "Given "
          },
          {
            "result": {
              "duration": 183819450,
              "status": "passed"
            },
            "line": 6,
            "name": "I should see my store page",
            "match": {
              "location": "OrderTShirt.i_should_see_my_store_page()"
            },
            "keyword": "Then "
          },
          {
            "result": {
              "duration": 1751377889,
              "status": "passed"
            },
            "line": 7,
            "name": "I select tshirt categories from top menu",
            "match": {
              "location": "OrderTShirt.i_select_tshirt_categories_from_top_menu()"
            },
            "keyword": "When "
          },
          {
            "result": {
              "duration": 10264176178,
              "status": "passed"
            },
            "line": 8,
            "name": "I should see the product list on tshirt page",
            "match": {
              "location": "OrderTShirt.i_should_see_the_product_list_on_tshirt_page()"
            },
            "keyword": "Then "
          },
          {
            "result": {
              "duration": 212355850,
              "status": "passed"
            },
            "line": 9,
            "name": "I select the Add to cart button",
            "match": {
              "location": "OrderTShirt.i_select_the_Add_to_cart_button()"
            },
            "keyword": "And "
          },
          {
            "result": {
              "duration": 67188639,
              "status": "passed"
            },
            "line": 10,
            "name": "I verify selected product item is successfully added to shopping cart",
            "match": {
              "location": "OrderTShirt.i_verify_selected_product_item_is_successfully_added_to_shopping_cart()"
            },
            "keyword": "Then "
          },
          {
            "result": {
              "duration": 9522734727,
              "status": "passed"
            },
            "line": 11,
            "name": "I select Proceed to checkout button on item in your cart screen",
            "match": {
              "location": "OrderTShirt.i_select_Proceed_to_checkout_button_on_item_in_your_cart_screen()"
            },
            "keyword": "And "
          },
          {
            "result": {
              "duration": 77320608,
              "status": "passed"
            },
            "line": 12,
            "name": "I should be on autentication page",
            "match": {
              "location": "OrderTShirt.i_should_be_on_autentication_page()"
            },
            "keyword": "Then "
          },
          {
            "result": {
              "duration": 2890053444,
              "status": "passed"
            },
            "line": 13,
            "name": "I enter my login \u003cEmailAddress\u003e and \u003cPassword\u003e to autenticate successfully",
            "match": {
              "arguments": [
                {
                  "val": "\u003cEmailAddress\u003e",
                  "offset": 17
                },
                {
                  "val": "\u003cPassword\u003e",
                  "offset": 36
                }
              ],
              "location": "OrderTShirt.i_enter_my_login_and_to_autenticate_successfully(String,String)"
            },
            "keyword": "And "
          },
          {
            "result": {
              "duration": 188094753,
              "status": "passed"
            },
            "line": 14,
            "name": "I should be on address page",
            "match": {
              "location": "OrderTShirt.i_should_be_on_address_page()"
            },
            "keyword": "Then "
          },
          {
            "result": {
              "duration": 1589909679,
              "status": "passed"
            },
            "line": 15,
            "name": "I select Proceed to checkout button on address page",
            "match": {
              "location": "OrderTShirt.i_select_Proceed_to_checkout_button_on_address_page()"
            },
            "keyword": "And "
          },
          {
            "result": {
              "duration": 86482251,
              "status": "passed"
            },
            "line": 16,
            "name": "I should be on shipping page",
            "match": {
              "location": "OrderTShirt.i_should_be_on_shipping_page()"
            },
            "keyword": "Then "
          },
          {
            "result": {
              "duration": 396421670,
              "status": "passed"
            },
            "line": 17,
            "name": "select Terms of service chec kbox button",
            "match": {
              "location": "OrderTShirt.select_Terms_of_service_chec_kbox_button()"
            },
            "keyword": "And "
          },
          {
            "result": {
              "duration": 2066558049,
              "status": "passed"
            },
            "line": 18,
            "name": "I select Proceed to checkout button on shipping page",
            "match": {
              "location": "OrderTShirt.i_select_Proceed_to_checkout_button_on_shipping_page()"
            },
            "keyword": "And "
          },
          {
            "result": {
              "duration": 57187676,
              "status": "passed"
            },
            "line": 19,
            "name": "I should be on payment method page",
            "match": {
              "location": "OrderTShirt.i_should_be_on_payment_method_page()"
            },
            "keyword": "Then "
          },
          {
            "result": {
              "duration": 1251538469,
              "status": "passed"
            },
            "line": 20,
            "name": "I select \u003cpaymentmethod\u003e on choose your payment method page",
            "match": {
              "arguments": [
                {
                  "val": "\u003cpaymentmethod\u003e",
                  "offset": 9
                }
              ],
              "location": "OrderTShirt.i_select_on_choose_your_payment_method_page(String)"
            },
            "keyword": "And "
          },
          {
            "result": {
              "duration": 98888744,
              "status": "passed"
            },
            "line": 21,
            "name": "I should be on order summary page",
            "match": {
              "location": "OrderTShirt.i_should_be_on_order_summary_page()"
            },
            "keyword": "Then "
          },
          {
            "result": {
              "duration": 3674954283,
              "status": "passed"
            },
            "line": 22,
            "name": "I select confirm my order",
            "match": {
              "location": "OrderTShirt.i_select_confirm_my_order()"
            },
            "keyword": "And "
          },
          {
            "result": {
              "duration": 67257075,
              "status": "passed"
            },
            "line": 23,
            "name": "I should be on order confirmation page",
            "match": {
              "location": "OrderTShirt.i_should_be_on_order_confirmation_page()"
            },
            "keyword": "And "
          },
          {
            "result": {
              "duration": 199468838,
              "status": "passed"
            },
            "line": 24,
            "name": "I should verify the \u003cAmount\u003e of product",
            "match": {
              "arguments": [
                {
                  "val": "\u003cAmount\u003e",
                  "offset": 20
                }
              ],
              "location": "OrderTShirt.i_should_verify_the_of_product(String)"
            },
            "keyword": "Then "
          },
          {
            "result": {
              "duration": 1206625302,
              "status": "passed"
            },
            "line": 25,
            "name": "I select my account to view my order history",
            "match": {
              "location": "OrderTShirt.i_select_my_account_to_view_my_order_history()"
            },
            "keyword": "And "
          },
          {
            "result": {
              "duration": 107441794,
              "status": "passed"
            },
            "line": 26,
            "name": "I should be on my account page",
            "match": {
              "location": "OrderTShirt.i_should_be_on_my_account_page()"
            },
            "keyword": "Then "
          },
          {
            "result": {
              "duration": 2088607682,
              "status": "passed"
            },
            "line": 27,
            "name": "I select order history and details option",
            "match": {
              "location": "OrderTShirt.i_select_order_history_and_details_option()"
            },
            "keyword": "And "
          },
          {
            "result": {
              "duration": 90304408,
              "status": "passed"
            },
            "line": 28,
            "name": "I should be on Order history page",
            "match": {
              "location": "OrderTShirt.i_should_be_on_Order_history_page()"
            },
            "keyword": "And "
          },
          {
            "result": {
              "duration": 1208386,
              "status": "passed"
            },
            "line": 29,
            "name": "I should verify the \u003cOrderReference\u003e and \u003cTotalPrice\u003e details",
            "match": {
              "arguments": [
                {
                  "val": "\u003cOrderReference\u003e",
                  "offset": 20
                },
                {
                  "val": "\u003cTotalPrice\u003e",
                  "offset": 41
                }
              ],
              "location": "OrderTShirt.i_should_verify_the_and_details(String,String)"
            },
            "keyword": "Then "
          }
        ],
        "tags": [
          {
            "name": "@Regression"
          }
        ]
      }
    ],
    "name": "Make Order",
    "description": "",
    "id": "make-order",
    "keyword": "Feature",
    "uri": "Feature/OrderTShirt.feature",
    "tags": []
  },
  {
    "line": 1,
    "elements": [
      {
        "line": 4,
        "name": "Update Personel Information Details(First Name) my Account",
        "description": "",
        "id": "personel-information-details;update-personel-information-details(first-name)-my-account",
        "type": "scenario",
        "keyword": "Scenario",
        "steps": [
          {
            "result": {
              "duration": 11030585085,
              "status": "passed"
            },
            "line": 5,
            "name": "I am a valid user and navigate to the site",
            "match": {
              "location": "OrderTShirt.i_am_a_valid_user_and_navigate_to_the_site()"
            },
            "keyword": "Given "
          },
          {
            "result": {
              "duration": 100662706,
              "status": "passed"
            },
            "line": 6,
            "name": "I should see my store page",
            "match": {
              "location": "OrderTShirt.i_should_see_my_store_page()"
            },
            "keyword": "Then "
          },
          {
            "result": {
              "duration": 3085875614,
              "status": "passed"
            },
            "line": 7,
            "name": "I select sign in to Log in to your my account",
            "match": {
              "location": "OrderTShirt.i_select_sign_in_to_Log_in_to_your_my_account()"
            },
            "keyword": "When "
          },
          {
            "result": {
              "duration": 3459303721,
              "status": "passed"
            },
            "line": 8,
            "name": "I enter my login \u003cEmailAddress\u003e and \u003cPassword\u003e to autenticate successfully",
            "match": {
              "arguments": [
                {
                  "val": "\u003cEmailAddress\u003e",
                  "offset": 17
                },
                {
                  "val": "\u003cPassword\u003e",
                  "offset": 36
                }
              ],
              "location": "OrderTShirt.i_enter_my_login_and_to_autenticate_successfully(String,String)"
            },
            "keyword": "And "
          },
          {
            "result": {
              "duration": 1387467291,
              "status": "passed"
            },
            "line": 9,
            "name": "I select my account to view my order history",
            "match": {
              "location": "OrderTShirt.i_select_my_account_to_view_my_order_history()"
            },
            "keyword": "And "
          },
          {
            "result": {
              "duration": 112767102,
              "status": "passed"
            },
            "line": 10,
            "name": "I should be on my account page",
            "match": {
              "location": "OrderTShirt.i_should_be_on_my_account_page()"
            },
            "keyword": "Then "
          },
          {
            "result": {
              "duration": 1459622438,
              "status": "passed"
            },
            "line": 11,
            "name": "I select my personal information option",
            "match": {
              "location": "OrderTShirt.i_select_my_personal_information_option()"
            },
            "keyword": "And "
          },
          {
            "result": {
              "duration": 57320148,
              "status": "passed"
            },
            "line": 12,
            "name": "I should be on Your personal information page",
            "match": {
              "location": "OrderTShirt.i_should_be_on_Your_personal_information_page()"
            },
            "keyword": "Then "
          },
          {
            "result": {
              "duration": 1824396308,
              "status": "passed"
            },
            "line": 13,
            "name": "update my \u003cFirstName\u003e details",
            "match": {
              "arguments": [
                {
                  "val": "\u003cFirstName\u003e",
                  "offset": 10
                }
              ],
              "location": "OrderTShirt.update_my_details(String)"
            },
            "keyword": "And "
          }
        ],
        "tags": [
          {
            "name": "@Regression"
          }
        ]
      }
    ],
    "name": "Personel Information Details",
    "description": "",
    "id": "personel-information-details",
    "keyword": "Feature",
    "uri": "Feature/UpdatePersonelInfoDetails.feature",
    "tags": []
  }
]